Restaurant_ID,Restaurant_Name,Cuisine,Average_Preparation_Time,Rating
R20000,Curry Cloud 0,Desserts,22.7,4.5
R20001,Sweet Loop 1,Healthy,16.6,3.8
R20002,Midnight Masala 2,Street Food,21.2,4.2
R20003,Green Fork 3,Street Food,19.5,4.3
R20004,Midnight Masala 4,Desserts,10.7,4.1
R20005,Noodle Nexus 5,Pizza,21.9,3.6
R20006,Noodle Nexus 6,North Indian,19.6,4.2
R20007,Urban Tadka 7,Desserts,14.7,3.9
R20008,Midnight Masala 8,Chinese,16.5,4.7
R20009,Cafe Nova 9,Biryani,16.6,4.5
R20010,Bowl Theory 10,Biryani,17.5,3.9
R20011,Green Fork 11,Street Food,29.6,4.7
R20012,Cafe Nova 12,North Indian,31.5,4.2
R20013,Bowl Theory 13,Mughlai,7.0,3.4
R20014,Sweet Loop 14,Continental,21.9,4.0
R20015,Spice Grid 15,Desserts,24.7,4.7
R20016,Pizza Pulse 16,North Indian,17.7,3.7
R20017,Urban Tadka 17,Mughlai,24.6,4.0
R20018,Spice Grid 18,Desserts,28.9,3.5
R20019,Sweet Loop 19,Pizza,10.8,3.6
R20020,Urban Tadka 20,Burger,19.8,3.7
R20021,Cafe Nova 21,North Indian,30.7,3.6
R20022,Walnut Bites 22,Desserts,11.6,3.8
R20023,Noodle Nexus 23,Continental,18.3,4.7
R20024,Curry Cloud 24,South Indian,16.3,4.0
R20025,Midnight Masala 25,Street Food,25.3,4.3
R20026,Burger Byte 26,Chinese,26.1,4.5
R20027,Kebab Circuit 27,Continental,20.0,3.6
R20028,Dosa Dock 28,Healthy,19.2,3.7
R20029,Spice Grid 29,North Indian,8.7,4.3
R20030,Curry Cloud 30,Street Food,27.5,3.8
R20031,Curry Cloud 31,Street Food,16.9,4.3
R20032,Burger Byte 32,Pizza,18.1,4.7
R20033,Dosa Dock 33,Mughlai,24.8,3.5
R20034,Urban Tadka 34,Biryani,20.2,3.9
R20035,Sweet Loop 35,North Indian,25.0,4.0
R20036,Burger Byte 36,Biryani,22.6,3.8
R20037,Midnight Masala 37,South Indian,20.2,3.8
R20038,Midnight Masala 38,North Indian,20.9,3.9
R20039,Walnut Bites 39,Biryani,12.3,4.0
R20040,Sweet Loop 40,Street Food,18.1,4.1
R20041,Spice Grid 41,South Indian,25.5,4.4
R20042,Dosa Dock 42,Mughlai,13.6,4.0
R20043,Green Fork 43,Biryani,14.7,4.5
R20044,Spice Grid 44,North Indian,13.7,3.8
R20045,Urban Tadka 45,Mughlai,19.9,3.6
R20046,Sweet Loop 46,Pizza,27.4,3.9
R20047,Green Fork 47,Chinese,22.3,4.2
R20048,Walnut Bites 48,Cafe,7.0,4.4
R20049,Bowl Theory 49,Pizza,22.9,4.6
R20050,Kebab Circuit 50,South Indian,16.3,4.2
R20051,Dosa Dock 51,Desserts,22.1,4.3
R20052,Burger Byte 52,North Indian,18.1,4.6
R20053,Bowl Theory 53,Healthy,13.8,3.8
R20054,Dosa Dock 54,Chinese,18.6,4.0
R20055,Spice Grid 55,Biryani,16.4,4.9
R20056,Noodle Nexus 56,Chinese,20.8,4.4
R20057,Dosa Dock 57,South Indian,13.7,4.2
R20058,Pizza Pulse 58,Desserts,12.3,4.4
R20059,Pizza Pulse 59,Street Food,23.4,3.5
R20060,Pizza Pulse 60,Healthy,25.7,3.8
R20061,Dragon Wok 61,Chinese,22.5,3.7
R20062,Urban Tadka 62,Street Food,15.1,4.2
R20063,Kebab Circuit 63,Mughlai,14.6,3.9
R20064,Urban Tadka 64,North Indian,14.9,4.1
R20065,Midnight Masala 65,North Indian,24.3,3.9
R20066,Noodle Nexus 66,Biryani,14.0,3.4
R20067,Dosa Dock 67,North Indian,24.3,4.4
R20068,Noodle Nexus 68,South Indian,22.8,3.4
R20069,Kebab Circuit 69,Pizza,26.4,3.8
R20070,Sweet Loop 70,Cafe,25.4,3.6
R20071,Walnut Bites 71,South Indian,22.3,3.7
R20072,Burger Byte 72,Biryani,10.2,4.1
R20073,Pizza Pulse 73,Cafe,22.7,4.5
R20074,Spice Grid 74,South Indian,19.7,3.5
R20075,Walnut Bites 75,North Indian,16.8,3.8
R20076,Urban Tadka 76,North Indian,27.2,3.4
R20077,Spice Grid 77,Desserts,18.1,3.8
R20078,Dragon Wok 78,South Indian,15.8,4.1
R20079,Spice Grid 79,Burger,25.7,4.3
R20080,Green Fork 80,Mughlai,16.6,3.2
R20081,Dosa Dock 81,Desserts,15.5,4.3
R20082,Curry Cloud 82,Continental,12.2,3.7
R20083,Walnut Bites 83,Healthy,14.1,3.6
R20084,Walnut Bites 84,Desserts,14.6,4.1
R20085,Noodle Nexus 85,North Indian,22.7,4.3
R20086,Pizza Pulse 86,South Indian,12.9,4.0
R20087,Sweet Loop 87,Chinese,7.9,3.6
R20088,Urban Tadka 88,South Indian,20.8,4.0
R20089,Spice Grid 89,Chinese,15.2,3.8
R20090,Burger Byte 90,Burger,18.9,4.3
R20091,Dosa Dock 91,Chinese,26.7,4.5
R20092,Walnut Bites 92,Burger,19.4,4.4
R20093,Spice Grid 93,Chinese,28.1,4.0
R20094,Bowl Theory 94,Continental,18.6,4.5
R20095,Walnut Bites 95,Chinese,25.0,3.7
R20096,Curry Cloud 96,Healthy,15.7,4.7
R20097,Curry Cloud 0,Burger,19.6,3.7
R20098,Spice Grid 1,Chinese,13.4,3.3
R20099,Dragon Wok 2,Mughlai,14.1,4.6
R20100,Pizza Pulse 3,Street Food,17.7,3.8
R20101,Spice Grid 4,Healthy,11.0,4.1
R20102,Kebab Circuit 5,Street Food,20.0,3.7
R20103,Green Fork 6,Chinese,17.2,4.9
R20104,Kebab Circuit 7,Street Food,20.4,4.7
R20105,Noodle Nexus 8,Continental,11.1,4.6
R20106,Kebab Circuit 9,Healthy,23.2,4.1
R20107,Dosa Dock 10,Mughlai,29.2,4.4
R20108,Curry Cloud 11,Healthy,27.9,4.0
R20109,Cafe Nova 12,South Indian,30.4,4.5
R20110,Sweet Loop 13,Burger,19.3,3.9
R20111,Sweet Loop 14,Chinese,16.9,4.7
R20112,Spice Grid 15,Desserts,21.9,3.9
R20113,Sweet Loop 16,Pizza,17.6,3.9
R20114,Sweet Loop 17,Healthy,8.6,3.9
R20115,Burger Byte 18,South Indian,23.9,4.1
R20116,Dosa Dock 19,Pizza,17.6,3.9
R20117,Green Fork 20,Biryani,10.2,4.2
R20118,Urban Tadka 21,Biryani,16.0,3.9
R20119,Burger Byte 22,Desserts,17.7,4.4
R20120,Sweet Loop 23,Chinese,19.1,4.6
R20121,Bowl Theory 24,North Indian,19.1,4.1
R20122,Bowl Theory 25,Pizza,27.2,4.9
R20123,Spice Grid 26,Chinese,11.3,4.5
R20124,Midnight Masala 27,Biryani,18.1,4.9
R20125,Pizza Pulse 28,Pizza,13.7,4.0
R20126,Curry Cloud 29,Desserts,26.5,3.4
R20127,Walnut Bites 30,Healthy,15.6,3.8
R20128,Kebab Circuit 31,Street Food,16.9,3.8
R20129,Spice Grid 32,North Indian,25.3,3.7
R20130,Sweet Loop 33,Pizza,26.9,3.2
R20131,Burger Byte 34,North Indian,27.8,4.4
R20132,Dragon Wok 35,Burger,9.1,3.3
R20133,Curry Cloud 36,North Indian,21.9,4.4
R20134,Sweet Loop 37,Biryani,20.6,4.9
R20135,Walnut Bites 38,Burger,18.7,3.8
R20136,Bowl Theory 39,Pizza,19.4,4.2
R20137,Midnight Masala 40,South Indian,26.7,3.9
R20138,Kebab Circuit 41,Desserts,25.2,4.4
R20139,Green Fork 42,Mughlai,24.4,3.6
R20140,Kebab Circuit 43,Chinese,20.2,4.0
R20141,Dragon Wok 44,Pizza,32.6,4.5
R20142,Sweet Loop 45,South Indian,16.6,4.0
R20143,Sweet Loop 46,North Indian,9.3,3.4
R20144,Walnut Bites 47,North Indian,17.4,4.5
R20145,Dosa Dock 48,Chinese,19.3,3.6
R20146,Cafe Nova 49,Biryani,26.8,4.1
R20147,Kebab Circuit 50,North Indian,15.9,4.3
R20148,Bowl Theory 51,Desserts,21.9,4.1
R20149,Urban Tadka 52,Mughlai,10.1,4.9
R20150,Midnight Masala 53,Biryani,25.5,4.3
R20151,Pizza Pulse 54,Burger,19.4,4.0
R20152,Noodle Nexus 55,Cafe,17.3,4.3
R20153,Kebab Circuit 56,Pizza,31.8,4.1
R20154,Green Fork 57,Healthy,25.4,4.1
R20155,Spice Grid 58,Biryani,12.8,4.1
R20156,Sweet Loop 59,Street Food,18.3,3.9
R20157,Urban Tadka 60,North Indian,35.4,4.1
R20158,Dosa Dock 61,Pizza,30.9,3.9
R20159,Pizza Pulse 62,Cafe,24.5,3.3
R20160,Green Fork 63,Desserts,7.9,4.5
R20161,Cafe Nova 64,Biryani,27.0,3.8
R20162,Dragon Wok 65,Mughlai,15.2,4.1
R20163,Burger Byte 66,Continental,26.9,3.8
R20164,Cafe Nova 67,South Indian,14.7,3.8
R20165,Cafe Nova 68,Biryani,21.9,3.7
R20166,Dosa Dock 69,Biryani,15.2,4.4
R20167,Cafe Nova 70,Street Food,16.8,4.5
R20168,Sweet Loop 71,Biryani,22.7,4.1
R20169,Spice Grid 72,Pizza,11.1,3.8
R20170,Pizza Pulse 73,Biryani,33.2,3.4
R20171,Noodle Nexus 74,North Indian,12.8,4.4
R20172,Midnight Masala 75,South Indian,12.5,3.8
R20173,Green Fork 76,Chinese,22.8,3.6
R20174,Dosa Dock 77,North Indian,26.8,4.1
R20175,Midnight Masala 78,Biryani,17.1,3.9
R20176,Pizza Pulse 79,North Indian,12.6,3.5
R20177,Burger Byte 80,North Indian,13.5,3.5
R20178,Walnut Bites 81,Biryani,12.8,4.2
R20179,Midnight Masala 82,Healthy,20.8,3.8
R20180,Cafe Nova 83,North Indian,18.6,4.2
R20181,Noodle Nexus 84,Pizza,21.6,4.1
R20182,Curry Cloud 85,Burger,21.2,4.4
R20183,Pizza Pulse 86,Healthy,23.9,3.7
R20184,Sweet Loop 87,Desserts,16.5,4.1
R20185,Pizza Pulse 88,Cafe,14.6,4.3
R20186,Green Fork 89,Pizza,19.9,3.8
R20187,Noodle Nexus 90,North Indian,18.7,4.5
R20188,Dragon Wok 91,North Indian,20.5,3.4
R20189,Kebab Circuit 92,North Indian,14.7,3.7
R20190,Noodle Nexus 93,Cafe,22.9,3.4
R20191,Urban Tadka 94,Burger,11.9,3.8
R20192,Bowl Theory 95,Mughlai,16.4,4.0
R20193,Kebab Circuit 96,Cafe,25.8,4.4
R20194,Urban Tadka 0,Mughlai,12.2,4.0
R20195,Sweet Loop 1,Chinese,25.3,3.8
R20196,Bowl Theory 2,Continental,10.5,3.5
R20197,Pizza Pulse 3,Chinese,9.5,3.6
R20198,Green Fork 4,North Indian,10.0,4.2
R20199,Burger Byte 5,South Indian,19.7,4.4
R20200,Sweet Loop 6,Street Food,23.4,3.9
R20201,Kebab Circuit 7,Mughlai,26.8,4.5
R20202,Burger Byte 8,Chinese,26.3,3.7
R20203,Burger Byte 9,Continental,24.2,3.9
R20204,Green Fork 10,South Indian,14.0,3.9
R20205,Curry Cloud 11,Desserts,14.0,4.6
R20206,Spice Grid 12,Pizza,23.7,4.1
R20207,Burger Byte 13,Biryani,27.5,3.4
R20208,Sweet Loop 14,Pizza,12.8,4.4
R20209,Kebab Circuit 15,Continental,26.8,4.8
R20210,Burger Byte 16,Cafe,7.5,4.0
R20211,Sweet Loop 17,Pizza,21.3,3.7
R20212,Burger Byte 18,Biryani,18.4,4.4
R20213,Urban Tadka 19,North Indian,17.8,4.8
R20214,Midnight Masala 20,Healthy,19.2,4.4
R20215,Spice Grid 21,South Indian,13.9,3.4
R20216,Cafe Nova 22,Burger,21.7,4.3
R20217,Curry Cloud 23,North Indian,19.4,4.2
R20218,Pizza Pulse 24,North Indian,24.6,3.7
R20219,Cafe Nova 25,Street Food,28.5,4.5
R20220,Curry Cloud 26,Burger,19.8,4.2
R20221,Pizza Pulse 27,Biryani,14.1,4.5
R20222,Noodle Nexus 28,Biryani,12.2,3.6
R20223,Spice Grid 29,Biryani,29.2,4.2
R20224,Cafe Nova 30,North Indian,28.4,3.7
R20225,Urban Tadka 31,North Indian,24.3,4.1
R20226,Sweet Loop 32,Healthy,19.4,4.6
R20227,Spice Grid 33,Pizza,23.9,3.5
R20228,Green Fork 34,Chinese,26.8,3.5
R20229,Pizza Pulse 35,South Indian,15.3,4.4
R20230,Bowl Theory 36,Pizza,19.2,4.0
R20231,Dosa Dock 37,South Indian,12.4,4.5
R20232,Curry Cloud 38,Continental,18.2,3.7
R20233,Urban Tadka 39,Biryani,28.3,4.1
R20234,Midnight Masala 40,Mughlai,25.5,4.3
R20235,Kebab Circuit 41,Pizza,19.8,4.1
R20236,Walnut Bites 42,Biryani,7.0,3.4
R20237,Curry Cloud 43,North Indian,15.1,4.9
R20238,Burger Byte 44,Desserts,19.6,4.1
R20239,Curry Cloud 45,Chinese,17.7,3.5
R20240,Dragon Wok 46,Healthy,19.2,4.2
R20241,Green Fork 47,North Indian,20.5,4.2
R20242,Midnight Masala 48,Burger,15.8,4.4
R20243,Dragon Wok 49,North Indian,19.0,4.4
R20244,Pizza Pulse 50,Biryani,18.1,4.0
R20245,Dosa Dock 51,Burger,14.8,3.4
R20246,Bowl Theory 52,North Indian,30.1,4.2
R20247,Burger Byte 53,Chinese,16.1,3.4
R20248,Green Fork 54,Burger,7.0,4.5
R20249,Urban Tadka 55,Healthy,29.7,3.8
R20250,Sweet Loop 56,Desserts,13.9,4.3
R20251,Green Fork 57,Biryani,24.4,3.8
R20252,Spice Grid 58,North Indian,14.9,3.9
R20253,Cafe Nova 59,Chinese,22.4,3.7
R20254,Burger Byte 60,Biryani,18.7,4.3
R20255,Kebab Circuit 61,Pizza,25.0,3.8
R20256,Midnight Masala 62,Pizza,17.7,4.3
R20257,Bowl Theory 63,Chinese,15.1,3.8
R20258,Midnight Masala 64,South Indian,20.5,4.0
R20259,Urban Tadka 65,North Indian,16.7,4.1
R20260,Dragon Wok 66,Pizza,7.4,4.1
R20261,Noodle Nexus 67,Pizza,15.4,3.7
R20262,Sweet Loop 68,Biryani,36.2,4.3
R20263,Urban Tadka 69,Mughlai,8.1,3.9
R20264,Dosa Dock 70,Biryani,20.4,4.3
R20265,Walnut Bites 71,Biryani,17.5,4.0
R20266,Spice Grid 72,Continental,30.0,4.3
R20267,Kebab Circuit 73,Chinese,12.3,3.9
R20268,Midnight Masala 74,Biryani,19.6,3.7
R20269,Cafe Nova 75,Healthy,23.1,4.2
R20270,Urban Tadka 76,Desserts,17.9,3.9
R20271,Walnut Bites 77,Street Food,14.4,4.6
R20272,Cafe Nova 78,Continental,18.9,4.1
R20273,Bowl Theory 79,Desserts,17.1,3.5
R20274,Spice Grid 80,Biryani,17.1,3.8
R20275,Sweet Loop 81,South Indian,24.6,3.7
R20276,Cafe Nova 82,North Indian,21.4,4.5
R20277,Noodle Nexus 83,South Indian,22.3,4.3
R20278,Dosa Dock 84,Street Food,21.0,4.0
R20279,Burger Byte 85,North Indian,24.8,4.2
R20280,Cafe Nova 86,Continental,26.8,4.0
R20281,Sweet Loop 87,South Indian,17.3,4.4
R20282,Kebab Circuit 88,Biryani,23.9,4.2
R20283,Midnight Masala 89,Continental,11.2,4.3
R20284,Noodle Nexus 90,South Indian,7.0,4.0
R20285,Cafe Nova 91,Chinese,30.0,3.8
R20286,Noodle Nexus 92,South Indian,17.0,4.3
R20287,Dosa Dock 93,Biryani,20.5,4.6
R20288,Dragon Wok 94,North Indian,11.6,4.5
R20289,Green Fork 95,Desserts,11.4,4.7
R20290,Kebab Circuit 96,Continental,14.7,4.1
R20291,Sweet Loop 0,Desserts,22.9,3.7
R20292,Noodle Nexus 1,Mughlai,15.9,3.7
R20293,Midnight Masala 2,Mughlai,17.0,4.6
R20294,Urban Tadka 3,North Indian,14.5,3.3
R20295,Urban Tadka 4,Healthy,26.0,4.6
R20296,Dosa Dock 5,Healthy,24.2,3.8
R20297,Green Fork 6,Pizza,16.1,4.8
R20298,Curry Cloud 7,Chinese,23.1,4.0
R20299,Spice Grid 8,Healthy,17.5,4.3
R20300,Spice Grid 9,Cafe,17.0,4.9
R20301,Cafe Nova 10,Cafe,18.7,3.9
R20302,Midnight Masala 11,South Indian,22.9,3.9
R20303,Burger Byte 12,Mughlai,13.6,3.8
R20304,Walnut Bites 13,South Indian,22.0,3.7
R20305,Walnut Bites 14,Continental,34.0,3.9
R20306,Burger Byte 15,Desserts,20.1,3.8
R20307,Cafe Nova 16,Street Food,19.2,3.6
R20308,Noodle Nexus 17,Cafe,18.5,4.0
R20309,Burger Byte 18,Pizza,21.9,4.2
R20310,Kebab Circuit 19,Cafe,9.3,3.7
R20311,Green Fork 20,Desserts,29.2,4.0
R20312,Dragon Wok 21,Biryani,24.9,4.6
R20313,Bowl Theory 22,North Indian,15.1,3.5
R20314,Green Fork 23,Desserts,19.2,4.8
R20315,Spice Grid 24,Biryani,15.7,3.8
R20316,Midnight Masala 25,Biryani,20.8,4.1
R20317,Walnut Bites 26,Burger,19.4,4.5
R20318,Kebab Circuit 27,North Indian,20.4,4.7
R20319,Midnight Masala 28,Chinese,12.8,4.2
R20320,Pizza Pulse 29,Mughlai,16.1,3.8
R20321,Kebab Circuit 30,North Indian,25.9,3.8
R20322,Midnight Masala 31,Burger,15.8,3.8
R20323,Pizza Pulse 32,Biryani,7.0,4.8
R20324,Burger Byte 33,Continental,18.1,3.9
R20325,Walnut Bites 34,Chinese,33.5,4.2
R20326,Curry Cloud 35,Mughlai,24.1,3.7
R20327,Curry Cloud 36,Healthy,15.5,3.6
R20328,Cafe Nova 37,Continental,18.7,4.1
R20329,Walnut Bites 38,South Indian,23.1,3.9
R20330,Burger Byte 39,South Indian,8.5,4.0
R20331,Pizza Pulse 40,North Indian,13.9,3.5
R20332,Urban Tadka 41,South Indian,21.4,4.0
R20333,Noodle Nexus 42,South Indian,28.6,4.6
R20334,Dragon Wok 43,Burger,16.4,3.7
R20335,Kebab Circuit 44,North Indian,28.4,4.4
R20336,Cafe Nova 45,South Indian,14.5,2.8
R20337,Midnight Masala 46,Chinese,7.0,3.7
R20338,Pizza Pulse 47,Burger,23.5,3.3
R20339,Curry Cloud 48,Desserts,22.2,4.5
R20340,Green Fork 49,Chinese,23.4,4.4
R20341,Burger Byte 50,South Indian,23.2,3.7
R20342,Dosa Dock 51,Chinese,20.2,4.2
R20343,Spice Grid 52,Healthy,17.4,4.5
R20344,Bowl Theory 53,Mughlai,17.7,4.6
R20345,Spice Grid 54,Pizza,16.2,3.9
R20346,Green Fork 55,Biryani,16.6,3.2
R20347,Curry Cloud 56,Desserts,8.1,3.7
R20348,Urban Tadka 57,Healthy,11.7,4.3
R20349,Midnight Masala 58,North Indian,18.0,4.8
R20350,Pizza Pulse 59,Chinese,7.0,4.0
R20351,Green Fork 60,Pizza,7.0,3.8
R20352,Dragon Wok 61,Healthy,17.0,4.9
R20353,Spice Grid 62,Biryani,18.2,4.2
R20354,Dosa Dock 63,Healthy,17.1,3.6
R20355,Urban Tadka 64,Desserts,7.0,4.0
R20356,Kebab Circuit 65,Mughlai,28.3,4.4
R20357,Green Fork 66,Cafe,10.4,4.0
R20358,Walnut Bites 67,South Indian,14.1,4.4
R20359,Curry Cloud 68,Desserts,11.4,3.4
R20360,Kebab Circuit 69,Desserts,26.8,3.5
R20361,Spice Grid 70,Mughlai,21.5,3.8
R20362,Bowl Theory 71,South Indian,16.2,3.9
R20363,Urban Tadka 72,North Indian,15.7,4.2
R20364,Noodle Nexus 73,Cafe,20.1,4.3
R20365,Cafe Nova 74,North Indian,11.5,4.9
R20366,Pizza Pulse 75,Street Food,21.3,3.8
R20367,Burger Byte 76,Biryani,15.7,3.9
R20368,Pizza Pulse 77,South Indian,22.1,3.8
R20369,Dragon Wok 78,Street Food,21.9,4.5
R20370,Kebab Circuit 79,Desserts,15.4,4.5
R20371,Urban Tadka 80,Burger,7.0,3.9
R20372,Sweet Loop 81,Pizza,17.5,4.8
R20373,Curry Cloud 82,Pizza,10.3,3.8
R20374,Curry Cloud 83,North Indian,19.5,4.4
R20375,Urban Tadka 84,Burger,17.5,4.6
R20376,Dragon Wok 85,Chinese,15.5,3.5
R20377,Bowl Theory 86,Biryani,11.2,4.3
R20378,Kebab Circuit 87,Chinese,26.1,3.0
R20379,Midnight Masala 88,Street Food,16.3,4.4
R20380,Pizza Pulse 89,Mughlai,33.1,3.6
R20381,Urban Tadka 90,Chinese,19.2,4.3
R20382,Dosa Dock 91,Cafe,21.1,4.3
R20383,Dosa Dock 92,South Indian,19.2,4.5
R20384,Dosa Dock 93,Pizza,21.0,4.4
R20385,Pizza Pulse 94,Chinese,25.6,4.1
R20386,Sweet Loop 95,Continental,25.6,3.9
R20387,Kebab Circuit 96,Pizza,8.4,4.0
R20388,Urban Tadka 0,Biryani,24.1,3.6
R20389,Pizza Pulse 1,Street Food,22.0,4.0
R20390,Kebab Circuit 2,Healthy,19.2,3.9
R20391,Walnut Bites 3,Healthy,29.3,3.8
R20392,Pizza Pulse 4,Healthy,29.5,3.4
R20393,Noodle Nexus 5,Desserts,24.4,3.6
R20394,Dragon Wok 6,North Indian,15.7,2.9
R20395,Burger Byte 7,Healthy,11.8,3.9
R20396,Cafe Nova 8,Biryani,23.5,4.2
R20397,Midnight Masala 9,North Indian,27.2,3.0
R20398,Green Fork 10,Cafe,7.0,4.1
R20399,Spice Grid 11,North Indian,25.5,4.0
R20400,Burger Byte 12,North Indian,17.5,3.6
R20401,Dosa Dock 13,Pizza,8.1,3.9
R20402,Bowl Theory 14,Mughlai,21.8,4.4
R20403,Sweet Loop 15,Cafe,24.5,3.7
R20404,Walnut Bites 16,North Indian,16.9,4.1
R20405,Kebab Circuit 17,Chinese,12.7,4.2
R20406,Kebab Circuit 18,Healthy,29.3,3.7
R20407,Sweet Loop 19,Desserts,15.0,4.4
R20408,Bowl Theory 20,Biryani,26.0,4.2
R20409,Urban Tadka 21,Pizza,9.9,4.0
R20410,Dosa Dock 22,Burger,21.5,4.9
R20411,Curry Cloud 23,North Indian,21.3,4.4
R20412,Sweet Loop 24,Healthy,24.2,3.4
R20413,Bowl Theory 25,Pizza,28.0,3.9
R20414,Dragon Wok 26,Mughlai,14.1,4.9
R20415,Midnight Masala 27,Desserts,22.1,3.7
R20416,Sweet Loop 28,Desserts,10.8,4.1
R20417,Burger Byte 29,Healthy,10.7,4.5
R20418,Dragon Wok 30,North Indian,15.5,4.3
R20419,Spice Grid 31,Biryani,21.5,4.4
R20420,Kebab Circuit 32,South Indian,29.1,4.3
R20421,Dragon Wok 33,Healthy,30.2,4.1
R20422,Spice Grid 34,Mughlai,16.9,3.7
R20423,Urban Tadka 35,Chinese,20.8,4.2
R20424,Cafe Nova 36,Mughlai,24.7,3.9
R20425,Sweet Loop 37,Biryani,23.6,3.9
R20426,Burger Byte 38,North Indian,18.0,4.6
R20427,Sweet Loop 39,Biryani,19.5,3.9
R20428,Sweet Loop 40,Continental,18.3,4.7
R20429,Kebab Circuit 41,South Indian,17.7,4.1
R20430,Bowl Theory 42,South Indian,17.0,4.0
R20431,Dragon Wok 43,Healthy,18.3,3.4
R20432,Green Fork 44,North Indian,16.6,4.9
R20433,Midnight Masala 45,North Indian,12.2,4.0
R20434,Kebab Circuit 46,North Indian,24.2,3.2
R20435,Green Fork 47,North Indian,22.1,4.4
R20436,Burger Byte 48,Chinese,30.3,4.0
R20437,Burger Byte 49,Pizza,21.2,3.7
R20438,Urban Tadka 50,Mughlai,16.5,4.4
R20439,Burger Byte 51,Mughlai,15.2,3.1
R20440,Spice Grid 52,Street Food,19.3,3.8
R20441,Walnut Bites 53,Biryani,22.3,3.9
R20442,Dosa Dock 54,South Indian,17.5,4.4
R20443,Bowl Theory 55,North Indian,10.2,4.9
R20444,Pizza Pulse 56,Biryani,14.6,4.0
R20445,Pizza Pulse 57,Burger,19.1,4.2
R20446,Burger Byte 58,Chinese,23.4,4.9
R20447,Cafe Nova 59,Desserts,10.1,4.1
R20448,Dragon Wok 60,Mughlai,20.6,4.2
R20449,Green Fork 61,North Indian,20.3,3.6
R20450,Burger Byte 62,Street Food,16.3,4.8
R20451,Curry Cloud 63,North Indian,15.5,3.8
R20452,Curry Cloud 64,Cafe,14.6,4.2
R20453,Dragon Wok 65,Desserts,19.8,4.1
R20454,Sweet Loop 66,North Indian,25.8,4.1
R20455,Dragon Wok 67,Chinese,26.2,3.9
R20456,Noodle Nexus 68,Biryani,12.3,4.1
R20457,Sweet Loop 69,Mughlai,17.9,4.7
R20458,Pizza Pulse 70,Biryani,7.0,4.9
R20459,Midnight Masala 71,Mughlai,19.7,4.0
R20460,Noodle Nexus 72,Pizza,22.6,3.9
R20461,Dosa Dock 73,Cafe,28.4,3.7
R20462,Cafe Nova 74,Pizza,8.3,4.9
R20463,Cafe Nova 75,Desserts,12.5,4.1
R20464,Urban Tadka 76,Mughlai,19.9,4.5
R20465,Bowl Theory 77,Biryani,9.3,4.3
R20466,Noodle Nexus 78,North Indian,20.0,4.9
R20467,Midnight Masala 79,Burger,22.7,4.0
R20468,Noodle Nexus 80,Desserts,11.3,3.6
R20469,Pizza Pulse 81,Mughlai,19.8,4.8
R20470,Green Fork 82,Pizza,11.7,4.4
R20471,Dosa Dock 83,Continental,27.3,4.2
R20472,Walnut Bites 84,Street Food,20.2,4.6
R20473,Midnight Masala 85,Healthy,15.2,4.2
R20474,Curry Cloud 86,North Indian,11.6,4.6
R20475,Bowl Theory 87,North Indian,21.3,4.1
R20476,Bowl Theory 88,Cafe,27.1,4.4
R20477,Urban Tadka 89,Healthy,14.4,4.3
R20478,Kebab Circuit 90,Burger,16.4,3.9
R20479,Green Fork 91,Continental,14.5,4.0
R20480,Curry Cloud 92,North Indian,28.3,3.9
R20481,Noodle Nexus 93,Healthy,7.5,4.2
R20482,Noodle Nexus 94,Desserts,26.7,3.9
R20483,Noodle Nexus 95,Mughlai,16.7,4.2
R20484,Dosa Dock 96,Healthy,18.6,4.2
R20485,Green Fork 0,South Indian,17.0,4.1
R20486,Kebab Circuit 1,North Indian,20.4,4.1
R20487,Urban Tadka 2,Continental,14.6,3.8
R20488,Spice Grid 3,Healthy,25.4,3.9
R20489,Walnut Bites 4,Pizza,25.6,3.4
R20490,Pizza Pulse 5,Cafe,13.1,4.0
R20491,Burger Byte 6,Pizza,23.0,3.7
R20492,Kebab Circuit 7,Chinese,16.9,4.1
R20493,Burger Byte 8,Cafe,19.3,3.8
R20494,Pizza Pulse 9,Desserts,28.2,3.3
R20495,Cafe Nova 10,Continental,15.0,4.9
R20496,Green Fork 11,Continental,24.6,4.0
R20497,Bowl Theory 12,South Indian,21.7,4.6
R20498,Bowl Theory 13,Pizza,17.8,3.8
R20499,Noodle Nexus 14,Mughlai,21.2,4.7
R20500,Curry Cloud 15,South Indian,20.5,3.6
R20501,Midnight Masala 16,Burger,12.0,4.1
R20502,Burger Byte 17,South Indian,15.4,3.6
R20503,Dosa Dock 18,North Indian,12.7,4.9
R20504,Kebab Circuit 19,North Indian,17.3,4.0
R20505,Green Fork 20,Burger,27.1,4.4
R20506,Walnut Bites 21,Mughlai,22.5,4.2
R20507,Burger Byte 22,Chinese,10.4,4.0
R20508,Bowl Theory 23,Biryani,17.4,4.2
R20509,Sweet Loop 24,Chinese,20.4,4.6
R20510,Dosa Dock 25,Healthy,23.5,4.3
R20511,Sweet Loop 26,North Indian,15.1,4.1
R20512,Noodle Nexus 27,Burger,11.6,4.2
R20513,Sweet Loop 28,Desserts,18.7,4.8
R20514,Green Fork 29,Chinese,22.4,3.9
R20515,Green Fork 30,Burger,20.4,3.3
R20516,Kebab Circuit 31,Continental,13.7,3.6
R20517,Pizza Pulse 32,Biryani,29.5,3.7
R20518,Pizza Pulse 33,North Indian,18.4,3.7
R20519,Pizza Pulse 34,North Indian,20.2,3.7
R20520,Kebab Circuit 35,Healthy,15.0,4.0
R20521,Green Fork 36,Continental,25.6,4.1
R20522,Pizza Pulse 37,Desserts,22.4,4.1
R20523,Dosa Dock 38,Cafe,20.9,3.8
R20524,Dragon Wok 39,Desserts,12.1,4.4
R20525,Kebab Circuit 40,Pizza,25.6,4.3
R20526,Green Fork 41,Biryani,23.5,4.7
R20527,Dragon Wok 42,Desserts,25.1,4.4
R20528,Pizza Pulse 43,Desserts,19.2,3.9
R20529,Bowl Theory 44,South Indian,18.6,4.5
R20530,Burger Byte 45,South Indian,17.9,4.2
R20531,Dragon Wok 46,Chinese,32.7,4.4
R20532,Urban Tadka 47,Pizza,15.7,4.3
R20533,Curry Cloud 48,Desserts,11.9,4.0
R20534,Green Fork 49,Healthy,16.8,4.1
R20535,Midnight Masala 50,Mughlai,15.8,4.0
R20536,Curry Cloud 51,Pizza,26.6,3.7
R20537,Midnight Masala 52,Continental,10.9,3.2
R20538,Dragon Wok 53,Pizza,15.6,3.8
R20539,Walnut Bites 54,Pizza,20.1,4.1
R20540,Kebab Circuit 55,Mughlai,26.6,4.5
R20541,Burger Byte 56,Street Food,23.3,4.4
R20542,Midnight Masala 57,Street Food,28.7,3.9
R20543,Midnight Masala 58,North Indian,21.1,3.8
R20544,Curry Cloud 59,Pizza,17.8,4.0
R20545,Cafe Nova 60,Healthy,24.1,3.7
R20546,Urban Tadka 61,Mughlai,10.8,3.2
R20547,Urban Tadka 62,South Indian,8.7,3.5
R20548,Walnut Bites 63,North Indian,24.9,4.6
R20549,Bowl Theory 64,South Indian,20.3,4.8
R20550,Sweet Loop 65,North Indian,24.8,4.3
R20551,Spice Grid 66,Pizza,13.9,4.0
R20552,Bowl Theory 67,Desserts,26.7,3.5
R20553,Spice Grid 68,North Indian,23.0,4.0
R20554,Kebab Circuit 69,Healthy,18.8,4.3
R20555,Green Fork 70,Burger,20.2,4.4
R20556,Burger Byte 71,Chinese,21.1,4.3
R20557,Noodle Nexus 72,Chinese,13.9,4.5
R20558,Cafe Nova 73,Street Food,16.7,4.8
R20559,Sweet Loop 74,Burger,21.0,3.9
R20560,Midnight Masala 75,Continental,16.4,4.9
R20561,Green Fork 76,Chinese,10.2,3.3
R20562,Kebab Circuit 77,Burger,20.8,3.8
R20563,Walnut Bites 78,Street Food,24.0,4.1
R20564,Walnut Bites 79,North Indian,25.4,4.3
R20565,Noodle Nexus 80,Pizza,22.2,4.0
R20566,Midnight Masala 81,Street Food,23.9,3.9
R20567,Dragon Wok 82,Chinese,24.9,4.9
R20568,Sweet Loop 83,Pizza,19.5,3.8
R20569,Sweet Loop 84,Cafe,7.0,3.7
R20570,Spice Grid 85,North Indian,26.0,4.7
R20571,Kebab Circuit 86,Burger,13.6,4.4
R20572,Noodle Nexus 87,Mughlai,12.2,4.5
R20573,Pizza Pulse 88,Mughlai,12.4,4.1
R20574,Dosa Dock 89,Chinese,33.9,3.5
R20575,Bowl Theory 90,North Indian,21.6,4.1
R20576,Cafe Nova 91,Mughlai,12.8,3.5
R20577,Walnut Bites 92,Mughlai,14.9,4.1
R20578,Burger Byte 93,Biryani,19.0,4.3
R20579,Dragon Wok 94,Pizza,22.3,4.5
R20580,Kebab Circuit 95,South Indian,20.7,4.0
R20581,Burger Byte 96,North Indian,13.4,4.3
R20582,Curry Cloud 0,Mughlai,20.9,3.7
R20583,Curry Cloud 1,Street Food,15.3,4.4
R20584,Midnight Masala 2,Pizza,25.3,4.3
R20585,Spice Grid 3,Street Food,19.3,3.7
R20586,Burger Byte 4,Mughlai,14.4,4.3
R20587,Dosa Dock 5,Healthy,23.1,4.5
R20588,Sweet Loop 6,Street Food,21.3,4.1
R20589,Burger Byte 7,Pizza,16.2,3.7
R20590,Dosa Dock 8,Street Food,23.4,4.1
R20591,Spice Grid 9,North Indian,22.8,4.3
R20592,Sweet Loop 10,South Indian,26.2,3.7
R20593,Midnight Masala 11,Burger,23.3,3.7
R20594,Pizza Pulse 12,North Indian,17.7,4.2
R20595,Dragon Wok 13,Healthy,8.9,4.4
R20596,Walnut Bites 14,South Indian,20.1,4.9
R20597,Burger Byte 15,Chinese,21.1,4.3
R20598,Pizza Pulse 16,Burger,19.3,3.6
R20599,Bowl Theory 17,North Indian,7.0,4.8
R20600,Bowl Theory 18,Biryani,23.1,4.5
R20601,Spice Grid 19,Biryani,13.5,3.3
R20602,Noodle Nexus 20,Street Food,23.1,3.7
R20603,Midnight Masala 21,Healthy,29.2,3.9
R20604,Noodle Nexus 22,South Indian,17.5,4.4
R20605,Green Fork 23,Desserts,21.6,3.1
R20606,Dragon Wok 24,Desserts,19.2,4.0
R20607,Green Fork 25,Pizza,22.2,4.3
R20608,Bowl Theory 26,North Indian,19.6,3.0
R20609,Urban Tadka 27,Burger,15.9,4.3
R20610,Noodle Nexus 28,Pizza,13.6,4.4
R20611,Kebab Circuit 29,Continental,28.5,3.7
R20612,Cafe Nova 30,Biryani,21.6,3.6
R20613,Noodle Nexus 31,Burger,24.0,3.7
R20614,Spice Grid 32,Chinese,21.4,3.0
R20615,Urban Tadka 33,Healthy,24.9,3.9
R20616,Curry Cloud 34,Street Food,13.6,4.1
R20617,Walnut Bites 35,Chinese,19.5,3.6
R20618,Dragon Wok 36,North Indian,22.0,4.4
R20619,Spice Grid 37,Desserts,26.8,4.1
R20620,Midnight Masala 38,North Indian,35.0,4.1
R20621,Urban Tadka 39,North Indian,21.4,3.9
R20622,Bowl Theory 40,Desserts,15.0,4.3
R20623,Green Fork 41,North Indian,11.8,4.5
R20624,Midnight Masala 42,North Indian,13.6,3.9
R20625,Green Fork 43,Chinese,14.4,4.3
R20626,Noodle Nexus 44,Chinese,7.0,4.3
R20627,Dosa Dock 45,Street Food,14.9,4.2
R20628,Dosa Dock 46,Pizza,23.3,4.7
R20629,Pizza Pulse 47,Chinese,19.5,3.8
R20630,Cafe Nova 48,Desserts,17.4,3.9
R20631,Green Fork 49,Mughlai,9.3,3.8
R20632,Green Fork 50,Pizza,25.3,4.3
R20633,Urban Tadka 51,Desserts,22.1,3.9
R20634,Cafe Nova 52,Burger,18.9,3.8
R20635,Urban Tadka 53,Pizza,7.0,4.7
R20636,Burger Byte 54,North Indian,16.1,4.7
R20637,Walnut Bites 55,Desserts,21.6,3.9
R20638,Dosa Dock 56,Pizza,18.8,3.5
R20639,Green Fork 57,Pizza,20.2,4.8
R20640,Green Fork 58,Burger,23.1,4.2
R20641,Cafe Nova 59,Biryani,19.9,4.2
R20642,Dosa Dock 60,Biryani,22.9,4.1
R20643,Kebab Circuit 61,Chinese,13.9,3.7
R20644,Walnut Bites 62,Continental,11.7,3.9
R20645,Cafe Nova 63,Healthy,21.9,4.3
R20646,Cafe Nova 64,Pizza,23.1,3.9
R20647,Urban Tadka 65,Pizza,22.1,4.2
R20648,Kebab Circuit 66,Cafe,19.8,4.1
R20649,Pizza Pulse 67,Desserts,17.1,3.6
R20650,Burger Byte 68,Desserts,20.3,4.7
R20651,Green Fork 69,North Indian,21.3,4.3
R20652,Midnight Masala 70,North Indian,21.6,4.2
R20653,Noodle Nexus 71,Pizza,34.6,4.3
R20654,Dragon Wok 72,Mughlai,13.5,3.4
R20655,Burger Byte 73,Street Food,38.4,3.9
R20656,Spice Grid 74,Biryani,11.5,3.5
R20657,Walnut Bites 75,Healthy,21.3,4.1
R20658,Midnight Masala 76,Continental,11.8,4.2
R20659,Curry Cloud 77,Continental,20.8,4.1
R20660,Bowl Theory 78,Chinese,24.9,4.5
R20661,Pizza Pulse 79,Biryani,19.2,3.5
R20662,Green Fork 80,Street Food,24.8,3.7
R20663,Midnight Masala 81,Pizza,16.5,4.2
R20664,Green Fork 82,Biryani,7.0,4.2
R20665,Walnut Bites 83,Biryani,22.8,3.6
R20666,Walnut Bites 84,South Indian,19.2,4.5
R20667,Spice Grid 85,North Indian,16.1,4.6
R20668,Walnut Bites 86,Burger,16.5,4.2
R20669,Kebab Circuit 87,Street Food,21.4,3.5
R20670,Walnut Bites 88,South Indian,14.1,4.1
R20671,Kebab Circuit 89,Street Food,21.3,4.2
R20672,Dosa Dock 90,Continental,26.1,3.9
R20673,Bowl Theory 91,Mughlai,31.4,4.6
R20674,Spice Grid 92,Burger,27.4,4.0
R20675,Urban Tadka 93,Continental,20.0,4.8
R20676,Urban Tadka 94,Burger,20.5,4.3
R20677,Burger Byte 95,Biryani,16.6,4.2
R20678,Noodle Nexus 96,Street Food,16.2,4.4
R20679,Dragon Wok 0,South Indian,24.2,4.6
R20680,Kebab Circuit 1,Continental,17.2,4.4
R20681,Midnight Masala 2,Chinese,21.2,4.0
R20682,Walnut Bites 3,Pizza,13.2,3.8
R20683,Bowl Theory 4,Healthy,27.2,3.6
R20684,Burger Byte 5,Desserts,17.1,3.1
R20685,Green Fork 6,Chinese,25.5,4.1
R20686,Bowl Theory 7,Continental,14.8,3.9
R20687,Curry Cloud 8,South Indian,14.5,3.9
R20688,Kebab Circuit 9,North Indian,27.0,4.4
R20689,Pizza Pulse 10,Desserts,15.2,4.0
R20690,Kebab Circuit 11,North Indian,9.6,4.8
R20691,Cafe Nova 12,South Indian,12.8,3.8
R20692,Cafe Nova 13,Biryani,24.1,3.7
R20693,Green Fork 14,Biryani,23.6,3.6
R20694,Kebab Circuit 15,Cafe,14.4,4.3
R20695,Spice Grid 16,North Indian,15.2,4.5
R20696,Pizza Pulse 17,Healthy,23.0,3.8
R20697,Noodle Nexus 18,Desserts,26.9,3.6
R20698,Bowl Theory 19,Biryani,18.6,4.6
R20699,Burger Byte 20,Street Food,22.3,3.5
R20700,Burger Byte 21,Biryani,24.2,4.4
R20701,Dosa Dock 22,South Indian,31.9,3.8
R20702,Noodle Nexus 23,Mughlai,12.1,4.2
R20703,Dosa Dock 24,Healthy,15.0,4.5
R20704,Spice Grid 25,Pizza,16.0,4.2
R20705,Bowl Theory 26,Mughlai,24.0,3.9
R20706,Kebab Circuit 27,Street Food,17.5,4.6
R20707,Sweet Loop 28,South Indian,20.9,4.2
R20708,Kebab Circuit 29,Desserts,19.7,4.9
R20709,Cafe Nova 30,Chinese,19.0,3.4
R20710,Bowl Theory 31,Pizza,19.6,3.4
R20711,Walnut Bites 32,South Indian,25.2,4.4
R20712,Curry Cloud 33,Biryani,13.2,4.0
R20713,Dosa Dock 34,Desserts,18.1,4.4
R20714,Sweet Loop 35,Biryani,11.7,3.6
R20715,Curry Cloud 36,North Indian,20.4,4.1
R20716,Urban Tadka 37,Chinese,17.8,4.2
R20717,Noodle Nexus 38,North Indian,25.4,3.8
R20718,Pizza Pulse 39,Burger,19.0,4.1
R20719,Kebab Circuit 40,South Indian,16.3,3.5
R20720,Pizza Pulse 41,North Indian,17.5,4.2
R20721,Urban Tadka 42,Biryani,29.3,4.6
R20722,Noodle Nexus 43,North Indian,9.6,3.6
R20723,Pizza Pulse 44,Burger,15.2,3.6
R20724,Spice Grid 45,Pizza,19.2,4.5
R20725,Urban Tadka 46,Healthy,15.2,3.6
R20726,Curry Cloud 47,Burger,21.9,4.4
R20727,Green Fork 48,Chinese,18.7,4.1
R20728,Kebab Circuit 49,North Indian,20.5,3.9
R20729,Sweet Loop 50,Pizza,19.7,4.6
R20730,Kebab Circuit 51,Pizza,18.4,4.4
R20731,Noodle Nexus 52,Pizza,11.3,4.2
R20732,Walnut Bites 53,Street Food,20.1,3.2
R20733,Spice Grid 54,Biryani,8.4,4.3
R20734,Cafe Nova 55,Pizza,15.0,3.6
R20735,Curry Cloud 56,Mughlai,21.9,4.0
R20736,Dosa Dock 57,Street Food,26.1,4.1
R20737,Curry Cloud 58,South Indian,33.1,4.8
R20738,Dragon Wok 59,South Indian,16.4,4.0
R20739,Cafe Nova 60,North Indian,13.8,3.5
R20740,Burger Byte 61,Mughlai,22.1,4.6
R20741,Noodle Nexus 62,Burger,30.2,4.3
R20742,Kebab Circuit 63,South Indian,28.2,4.3
R20743,Dragon Wok 64,Pizza,12.8,4.6
R20744,Bowl Theory 65,Chinese,18.2,4.7
R20745,Midnight Masala 66,Healthy,24.1,3.7
R20746,Walnut Bites 67,North Indian,24.5,3.5
R20747,Urban Tadka 68,South Indian,22.6,4.4
R20748,Burger Byte 69,North Indian,16.3,4.0
R20749,Spice Grid 70,Healthy,22.5,4.0
R20750,Burger Byte 71,Biryani,24.6,3.6
R20751,Spice Grid 72,Continental,13.4,4.3
R20752,Urban Tadka 73,South Indian,27.0,4.2
R20753,Cafe Nova 74,Chinese,25.0,4.0
R20754,Spice Grid 75,Chinese,14.5,3.5
R20755,Pizza Pulse 76,South Indian,24.5,4.5
R20756,Urban Tadka 77,Pizza,23.9,4.1
R20757,Spice Grid 78,Pizza,24.1,4.5
R20758,Bowl Theory 79,Biryani,28.5,3.3
R20759,Walnut Bites 80,Pizza,18.9,4.1
R20760,Walnut Bites 81,Mughlai,21.0,3.8
R20761,Kebab Circuit 82,Biryani,7.0,4.1
R20762,Walnut Bites 83,Mughlai,25.7,4.4
R20763,Curry Cloud 84,Continental,25.1,4.2
R20764,Burger Byte 85,Desserts,27.1,4.1
R20765,Dragon Wok 86,North Indian,13.4,4.1
R20766,Noodle Nexus 87,Burger,24.8,3.5
R20767,Sweet Loop 88,Mughlai,25.1,3.7
R20768,Dragon Wok 89,Chinese,15.1,4.5
R20769,Curry Cloud 90,Pizza,25.3,3.9
R20770,Burger Byte 91,Pizza,21.8,4.5
R20771,Cafe Nova 92,Chinese,8.8,4.4
R20772,Curry Cloud 93,North Indian,22.5,4.4
R20773,Cafe Nova 94,Biryani,14.4,4.2
R20774,Dosa Dock 95,Desserts,8.9,3.9
R20775,Kebab Circuit 96,South Indian,21.2,4.0
R20776,Kebab Circuit 0,Biryani,18.6,4.3
R20777,Curry Cloud 1,Street Food,27.4,3.2
R20778,Cafe Nova 2,Pizza,20.1,4.5
R20779,Midnight Masala 3,North Indian,23.7,3.9
R20780,Spice Grid 4,Biryani,22.1,4.0
R20781,Sweet Loop 5,Pizza,25.1,4.0
R20782,Burger Byte 6,South Indian,13.7,4.0
R20783,Dragon Wok 7,North Indian,20.2,3.6
R20784,Curry Cloud 8,Continental,18.2,4.1
R20785,Urban Tadka 9,Continental,22.9,4.3
R20786,Spice Grid 10,Pizza,20.5,3.3
R20787,Sweet Loop 11,Healthy,15.3,3.6
R20788,Noodle Nexus 12,Burger,17.0,4.4
R20789,Green Fork 13,Mughlai,28.9,4.3
R20790,Noodle Nexus 14,Pizza,8.8,4.2
R20791,Green Fork 15,Burger,23.3,3.8
R20792,Cafe Nova 16,North Indian,26.4,4.3
R20793,Noodle Nexus 17,North Indian,22.5,3.6
R20794,Pizza Pulse 18,Continental,30.8,4.0
R20795,Sweet Loop 19,Pizza,24.6,3.6
R20796,Walnut Bites 20,Chinese,21.3,4.0
R20797,Burger Byte 21,Biryani,16.2,3.7
R20798,Midnight Masala 22,Continental,21.4,4.3
R20799,Curry Cloud 23,Chinese,23.1,4.2
R20800,Dragon Wok 24,Biryani,19.0,3.8
R20801,Bowl Theory 25,Burger,14.5,4.5
R20802,Dosa Dock 26,Biryani,11.8,3.7
R20803,Walnut Bites 27,Pizza,20.1,4.0
R20804,Walnut Bites 28,Desserts,10.1,3.8
R20805,Dragon Wok 29,Street Food,16.2,4.3
R20806,Kebab Circuit 30,Healthy,7.0,4.3
R20807,Dosa Dock 31,North Indian,24.0,4.5
R20808,Spice Grid 32,Pizza,25.9,4.1
R20809,Cafe Nova 33,Mughlai,19.5,2.9
R20810,Spice Grid 34,Pizza,30.0,3.9
R20811,Green Fork 35,Healthy,27.1,4.6
R20812,Spice Grid 36,South Indian,21.9,3.9
R20813,Spice Grid 37,Continental,18.3,3.3
R20814,Burger Byte 38,Pizza,16.9,4.2
R20815,Green Fork 39,Street Food,22.4,4.2
R20816,Sweet Loop 40,Chinese,18.2,3.8
R20817,Kebab Circuit 41,Healthy,22.3,4.0
R20818,Urban Tadka 42,Biryani,22.7,3.7
R20819,Curry Cloud 43,South Indian,17.6,4.2
R20820,Spice Grid 44,Pizza,25.6,4.1
R20821,Pizza Pulse 45,North Indian,17.6,3.6
R20822,Sweet Loop 46,Chinese,19.1,4.0
R20823,Kebab Circuit 47,Biryani,13.1,3.8
R20824,Sweet Loop 48,Street Food,17.4,4.6
R20825,Sweet Loop 49,Mughlai,31.9,4.4
R20826,Curry Cloud 50,Healthy,13.6,4.0
R20827,Burger Byte 51,Chinese,21.6,4.1
R20828,Green Fork 52,Biryani,16.3,4.4
R20829,Urban Tadka 53,Pizza,7.0,4.0
R20830,Urban Tadka 54,Biryani,22.4,4.3
R20831,Spice Grid 55,Burger,15.7,4.6
R20832,Bowl Theory 56,Mughlai,20.9,3.9
R20833,Walnut Bites 57,Biryani,24.9,4.7
R20834,Green Fork 58,North Indian,20.4,4.6
R20835,Burger Byte 59,North Indian,21.0,4.1
R20836,Dragon Wok 60,South Indian,13.8,3.9
R20837,Kebab Circuit 61,North Indian,23.2,4.1
R20838,Pizza Pulse 62,Chinese,17.9,4.0
R20839,Dosa Dock 63,North Indian,7.0,3.7
R20840,Spice Grid 64,North Indian,24.0,4.3
R20841,Cafe Nova 65,Healthy,25.8,3.7
R20842,Noodle Nexus 66,Cafe,27.9,3.9
R20843,Spice Grid 67,Biryani,32.0,3.9
R20844,Walnut Bites 68,Biryani,23.6,3.5
R20845,Urban Tadka 69,Pizza,22.1,4.3
R20846,Kebab Circuit 70,Mughlai,25.5,4.0
R20847,Sweet Loop 71,South Indian,13.7,4.5
R20848,Green Fork 72,Burger,9.0,4.0
R20849,Sweet Loop 73,South Indian,16.1,3.9
